{"cameraMode":{"drawMode":0,"name":"Shaded","section":"Shading Mode"},"sceneLighting":true,"audioPlay":false,"sceneViewState":{"m_AlwaysRefresh":false,"showFog":true,"showSkybox":false,"showFlares":true,"showImageEffects":true,"showParticleSystems":true,"showVisualEffectGraphs":true,"m_FxEnabled":true},"in2DMode":false,"pivot":{"x":474.3599853515625,"y":266.8320007324219,"z":-5.438000202178955},"rotation":{"x":-0.11165490746498108,"y":-0.012511792592704296,"z":0.0014040428213775159,"w":-0.9936653971672058},"size":557.3606567382813,"orthographic":false}