{"cameraMode":{"drawMode":0,"name":"Shaded","section":"Shading Mode"},"sceneLighting":false,"audioPlay":false,"sceneViewState":{"m_AlwaysRefresh":false,"showFog":true,"showSkybox":false,"showFlares":true,"showImageEffects":true,"showParticleSystems":true,"showVisualEffectGraphs":true,"m_FxEnabled":true},"in2DMode":false,"pivot":{"x":61.86250686645508,"y":545.7020874023438,"z":34.97064208984375},"rotation":{"x":0.10182161629199982,"y":2.6072623882100745e-7,"z":0.0000016160099676199025,"w":0.9947860240936279},"size":472.6719970703125,"orthographic":false}