{"cameraMode":{"drawMode":0,"name":"Shaded","section":"Shading Mode"},"sceneLighting":false,"audioPlay":false,"sceneViewState":{"m_AlwaysRefresh":false,"showFog":true,"showSkybox":false,"showFlares":true,"showImageEffects":true,"showParticleSystems":true,"showVisualEffectGraphs":true,"m_FxEnabled":true},"in2DMode":false,"pivot":{"x":-28.651973724365236,"y":-21.910018920898439,"z":-45.371639251708987},"rotation":{"x":0.07756504416465759,"y":-0.9192906022071838,"z":0.2308325171470642,"w":0.30904126167297366},"size":44.613677978515628,"orthographic":false}