{"cameraMode":{"drawMode":0,"name":"Shaded","section":"Shading Mode"},"sceneLighting":false,"audioPlay":false,"sceneViewState":{"m_AlwaysRefresh":false,"showFog":true,"showSkybox":false,"showFlares":true,"showImageEffects":true,"showParticleSystems":true,"showVisualEffectGraphs":true,"m_FxEnabled":true},"in2DMode":false,"pivot":{"x":-1.497642993927002,"y":-0.43436384201049807,"z":-6.306225299835205},"rotation":{"x":-0.0062601701356470589,"y":0.9805135130882263,"z":-0.19211557507514954,"w":-0.029909498989582063},"size":4.909317970275879,"orthographic":false}