{"cameraMode":{"drawMode":0,"name":"Shaded","section":"Shading Mode"},"sceneLighting":true,"audioPlay":false,"sceneViewState":{"m_AlwaysRefresh":false,"showFog":true,"showSkybox":true,"showFlares":true,"showImageEffects":true,"showParticleSystems":true,"showVisualEffectGraphs":true,"m_FxEnabled":true},"in2DMode":false,"pivot":{"x":2.3805811405181886,"y":4.455531120300293,"z":0.5810203552246094},"rotation":{"x":0.019493207335472108,"y":0.023993009701371194,"z":-0.00046816960093565285,"w":0.9995197057723999},"size":5.632842540740967,"orthographic":false}