{"cameraMode":{"drawMode":0,"name":"Shaded","section":"Shading Mode"},"sceneLighting":true,"audioPlay":false,"sceneViewState":{"m_AlwaysRefresh":false,"showFog":true,"showSkybox":true,"showFlares":true,"showImageEffects":true,"showParticleSystems":true,"showVisualEffectGraphs":true,"m_FxEnabled":true},"in2DMode":false,"pivot":{"x":339.2353820800781,"y":136.4731903076172,"z":11.215595245361329},"rotation":{"x":0.11074091494083405,"y":0.023850329220294954,"z":-0.0026581622660160066,"w":0.9935653209686279},"size":356.089599609375,"orthographic":false}