{"cameraMode":{"drawMode":0,"name":"Shaded","section":"Shading Mode"},"sceneLighting":true,"audioPlay":false,"sceneViewState":{"m_AlwaysRefresh":false,"showFog":true,"showSkybox":true,"showFlares":true,"showImageEffects":true,"showParticleSystems":true,"showVisualEffectGraphs":true,"m_FxEnabled":true},"in2DMode":false,"pivot":{"x":0.4179011285305023,"y":0.5153552889823914,"z":-3.5182549953460695},"rotation":{"x":-0.42222264409065249,"y":0.0008236278081312776,"z":-0.00038559941458515823,"w":-0.9064875841140747},"size":5.002746105194092,"orthographic":false}