{"cameraMode":{"drawMode":0,"name":"Shaded","section":"Shading Mode"},"sceneLighting":true,"audioPlay":false,"sceneViewState":{"m_AlwaysRefresh":false,"showFog":true,"showSkybox":true,"showFlares":true,"showImageEffects":true,"showParticleSystems":true,"showVisualEffectGraphs":true,"m_FxEnabled":true},"in2DMode":false,"pivot":{"x":831.4255981445313,"y":449.42205810546877,"z":59.59522247314453},"rotation":{"x":-0.16513384878635407,"y":-0.0035403019282966854,"z":0.0005919007235206664,"w":-0.9862448573112488},"size":319.4992370605469,"orthographic":false}