{"cameraMode":{"drawMode":0,"name":"Shaded","section":"Shading Mode"},"sceneLighting":true,"audioPlay":false,"sceneViewState":{"m_AlwaysRefresh":false,"showFog":true,"showSkybox":true,"showFlares":true,"showImageEffects":true,"showParticleSystems":true,"showVisualEffectGraphs":true,"m_FxEnabled":true},"in2DMode":false,"pivot":{"x":-0.10021518915891648,"y":1.3625422716140748,"z":-7.283950328826904},"rotation":{"x":-0.0014935355866327882,"y":-0.010774384252727032,"z":0.00018999208987224847,"w":-0.999650776386261},"size":0.6280897855758667,"orthographic":false}