{"cameraMode":{"drawMode":0,"name":"Shaded","section":"Shading Mode"},"sceneLighting":true,"audioPlay":false,"sceneViewState":{"m_AlwaysRefresh":false,"showFog":true,"showSkybox":true,"showFlares":true,"showImageEffects":true,"showParticleSystems":true,"showVisualEffectGraphs":true,"m_FxEnabled":true},"in2DMode":false,"pivot":{"x":-0.38330748677253725,"y":0.3879354000091553,"z":1.9134529829025269},"rotation":{"x":-0.11165490746498108,"y":-0.012511792592704296,"z":0.0014040428213775159,"w":-0.9936653971672058},"size":1.6226677894592286,"orthographic":false}