{"cameraMode":{"drawMode":0,"name":"Shaded","section":"Shading Mode"},"sceneLighting":true,"audioPlay":false,"sceneViewState":{"m_AlwaysRefresh":false,"showFog":true,"showSkybox":true,"showFlares":true,"showImageEffects":true,"showParticleSystems":true,"showVisualEffectGraphs":true,"m_FxEnabled":true},"in2DMode":false,"pivot":{"x":393.5959777832031,"y":25.53307342529297,"z":-50.57476806640625},"rotation":{"x":0.10182161629199982,"y":2.6072623882100745e-7,"z":0.0000016160099676199025,"w":0.9947860240936279},"size":331.0009765625,"orthographic":true}