{"cameraMode":{"drawMode":0,"name":"Shaded","section":"Shading Mode"},"sceneLighting":true,"audioPlay":false,"sceneViewState":{"m_AlwaysRefresh":false,"showFog":true,"showSkybox":true,"showFlares":true,"showImageEffects":true,"showParticleSystems":true,"showVisualEffectGraphs":true,"m_FxEnabled":true},"in2DMode":false,"pivot":{"x":697.8251342773438,"y":171.1905059814453,"z":169.23077392578126},"rotation":{"x":0.006601408589631319,"y":0.00990989152342081,"z":0.00006480405863840133,"w":-0.9999076128005981},"size":348.9011535644531,"orthographic":false}