{"cameraMode":{"drawMode":0,"name":"Shaded","section":"Shading Mode"},"sceneLighting":true,"audioPlay":false,"sceneViewState":{"m_AlwaysRefresh":false,"showFog":true,"showSkybox":false,"showFlares":true,"showImageEffects":true,"showParticleSystems":true,"showVisualEffectGraphs":true,"m_FxEnabled":true},"in2DMode":false,"pivot":{"x":474.3599853515625,"y":266.8320007324219,"z":-5.438000202178955},"rotation":{"x":-0.14201082289218903,"y":-0.009494993835687638,"z":0.0013630071189254523,"w":-0.9898059368133545},"size":557.3606567382813,"orthographic":false}