{"cameraMode":{"drawMode":0,"name":"Shaded","section":"Shading Mode"},"sceneLighting":false,"audioPlay":false,"sceneViewState":{"m_AlwaysRefresh":false,"showFog":true,"showSkybox":false,"showFlares":true,"showImageEffects":true,"showParticleSystems":true,"showVisualEffectGraphs":true,"m_FxEnabled":true},"in2DMode":false,"pivot":{"x":6.266085624694824,"y":-16.37151336669922,"z":-44.08097457885742},"rotation":{"x":0.0013486588140949607,"y":-0.9763782620429993,"z":0.21577638387680055,"w":0.006150900851935148},"size":49.03875732421875,"orthographic":false}