{"cameraMode":{"drawMode":0,"name":"Shaded","section":"Shading Mode"},"sceneLighting":false,"audioPlay":false,"sceneViewState":{"m_AlwaysRefresh":false,"showFog":true,"showSkybox":false,"showFlares":true,"showImageEffects":true,"showParticleSystems":true,"showVisualEffectGraphs":true,"m_FxEnabled":true},"in2DMode":false,"pivot":{"x":0.2774762511253357,"y":0.654385507106781,"z":-1.738289475440979},"rotation":{"x":0.14383672177791596,"y":-0.12433794140815735,"z":0.018220050260424615,"w":0.981583833694458},"size":0.35367706418037417,"orthographic":false}