{"cameraMode":{"drawMode":0,"name":"Shaded","section":"Shading Mode"},"sceneLighting":false,"audioPlay":false,"sceneViewState":{"m_AlwaysRefresh":false,"showFog":true,"showSkybox":false,"showFlares":true,"showImageEffects":true,"showParticleSystems":true,"showVisualEffectGraphs":true,"m_FxEnabled":true},"in2DMode":false,"pivot":{"x":-0.08714121580123902,"y":-0.9129431247711182,"z":0.03394174575805664},"rotation":{"x":-0.17932748794555665,"y":0.007965588942170143,"z":-0.0014521625125780702,"w":-0.983750581741333},"size":1.7320513725280762,"orthographic":false}