{"cameraMode":{"drawMode":0,"name":"Shaded","section":"Shading Mode"},"sceneLighting":false,"audioPlay":false,"sceneViewState":{"m_AlwaysRefresh":false,"showFog":true,"showSkybox":false,"showFlares":true,"showImageEffects":true,"showParticleSystems":true,"showVisualEffectGraphs":true,"m_FxEnabled":true},"in2DMode":false,"pivot":{"x":0.00000286102294921875,"y":8.442399978637696,"z":0.0016126632690429688},"rotation":{"x":0.35085272789001467,"y":-0.0014022958930581809,"z":0.0005303734797053039,"w":0.9363746047019959},"size":10.600711822509766,"orthographic":false}