{"cameraMode":{"drawMode":0,"name":"Shaded","section":"Shading Mode"},"sceneLighting":false,"audioPlay":false,"sceneViewState":{"m_AlwaysRefresh":false,"showFog":true,"showSkybox":false,"showFlares":true,"showImageEffects":true,"showParticleSystems":true,"showVisualEffectGraphs":true,"m_FxEnabled":true},"in2DMode":false,"pivot":{"x":-1.003100037574768,"y":0.21220000088214875,"z":-2.322999954223633},"rotation":{"x":-0.11222192645072937,"y":-0.0062151034362614159,"z":0.000892489857506007,"w":-0.9933682680130005},"size":0.197784885764122,"orthographic":false}