{"cameraMode":{"drawMode":0,"name":"Shaded","section":"Shading Mode"},"sceneLighting":false,"audioPlay":false,"sceneViewState":{"m_AlwaysRefresh":false,"showFog":true,"showSkybox":false,"showFlares":true,"showImageEffects":true,"showParticleSystems":true,"showVisualEffectGraphs":true,"m_FxEnabled":true},"in2DMode":false,"pivot":{"x":-53.431556701660159,"y":-29.973844528198243,"z":-0.7879467010498047},"rotation":{"x":0.19659842550754548,"y":-0.7003838419914246,"z":0.21091657876968385,"w":0.6528668403625488},"size":46.504154205322269,"orthographic":false}