{"cameraMode":{"drawMode":0,"name":"Shaded","section":"Shading Mode"},"sceneLighting":false,"audioPlay":false,"sceneViewState":{"m_AlwaysRefresh":false,"showFog":true,"showSkybox":false,"showFlares":true,"showImageEffects":true,"showParticleSystems":true,"showVisualEffectGraphs":true,"m_FxEnabled":true},"in2DMode":false,"pivot":{"x":1.2843270301818848,"y":5.617974758148193,"z":0.4241213798522949},"rotation":{"x":0.103312186896801,"y":-0.0074598779901862148,"z":0.0007749389624223113,"w":0.9946168661117554},"size":8.90081787109375,"orthographic":false}