{"cameraMode":{"drawMode":0,"name":"Shaded","section":"Shading Mode"},"sceneLighting":false,"audioPlay":false,"sceneViewState":{"m_AlwaysRefresh":false,"showFog":true,"showSkybox":false,"showFlares":true,"showImageEffects":true,"showParticleSystems":true,"showVisualEffectGraphs":true,"m_FxEnabled":true},"in2DMode":false,"pivot":{"x":0.5947522521018982,"y":5.862990379333496,"z":0.49237060546875},"rotation":{"x":0.35085272789001467,"y":-0.0014022958930581809,"z":0.0005303734797053039,"w":0.9363746047019959},"size":9.108916282653809,"orthographic":false}